{"G\u00f6rg\u00e9nyhod\u00e1k": [46.7769539, 24.9262556], "Cs\u00edkszereda": [46.358, 25.804], "Bala": [46.7121253, 24.4979748], "R\u00e9ty": [46.4928507, 25.6456696], "Cs\u00edkszentgy\u00f6rgy": [46.316667, 25.95], "Z\u00e1gon": [45.766667, 26.116667], "Cs\u00edkd\u00e1nfalva": [46.51666700000001, 25.75], "Sz\u00e9kelyderzs": [46.2, 25.2], "L\u00f3v\u00e9sz": [46.5258156, 25.8611475], "Oltszem": [45.970976, 25.8458019], "Marosv\u00e1s\u00e1rhely": [46.545556, 24.5625], "Medgyes": [46.1572828, 24.3471665], "Segesv\u00e1r": [46.216944, 24.791111], "Brass\u00f3": [45.6579755, 25.6011977], "Sz\u00e9kelykereszt\u00far": [46.291667, 25.035278], "Sz\u00e9kelyudvarhely": [46.3049996, 25.2926479], "\u00dajsz\u00e9kely": [46.2608366, 24.9731894], "Tusn\u00e1df\u00fcrd\u0151": [46.1460752, 25.8569589], "Sepsiszentgy\u00f6rgy": [45.863611, 25.7875], "K\u0151rispatak": [46.4178123, 24.9703704], "Heveder": [46.660231, 25.638903], "Pongr\u00e1c tet\u0151": [46.883185, 25.582861], "Bakta": [46.688055, 25.386295], "Remete": [46.798731, 25.421957], "B\u00e1nkfalva": [46.297438, 25.945082], "Bodok": [45.9533973, 25.8579893], "Uzon": [46.3874383, 25.6319726], "B\u00e1lv\u00e1nyos": [46.1167404, 25.9438683], "Bekecs": [46.4928507, 25.6456696], "Aninoasa": [45.194278, 24.928139]}