{"Heveder": [46.660231, 25.638903], "Pongr\u00e1c tet\u0151": [46.883185, 25.582861], "Bakta": [46.688055, 25.386295], "Remete": [46.798731, 25.421957], "B\u00e1nkfalva": [46.297438, 25.945082], "Bodok": [45.9533973, 25.8579893], "Uzon": [46.3874383, 25.6319726], "R\u00e9ty": [46.4928507, 25.6456696], "B\u00e1lv\u00e1nyos": [46.1167404, 25.9438683], "Bekecs": [48.1534102, 21.1762263], "Aninoasa": [45.194278, 24.928139]}