{"115600 BALA": [0.018105849582172703, "718.0", [46.7121253, 24.4979748], "Bala"], "120343 ZAGAR": [0.011363636363636364, "1232.0", [46.3506, 24.6181], "Z\u00e1gor"], "119894 ORAS UNGHENI": [0.013342796309439318, "7045.0", [46.485833, 24.460833], "Ny\u00e1r\u00e1dt\u00f5"], "119974 VALEA LARGA": [0.013099041533546326, "3130.0", [46.62, 24.07], "Mez\u00f5ceked"], "86222 ULIES": [0.045741324921135647, "1268.0", [46.2112783, 25.2420621], "K\u00e1ny\u00e1d"], "118370 MIHESU DE CIMPIE": [0.01743955608402695, "2523.0", [46.68000000000001, 24.15], "Mez\u00f5m\u00e9hes"], "117505 HODOSA": [0.027646129541864139, "1266.0", [46.6369073, 24.823399], "Sz\u00e9kelyhodos"], "116590 EREMITU": [0.015481373971940009, "4134.0", [46.66098040000001, 24.9273587], "Ny\u00e1r\u00e1dremete"], "117113 GLODENI": [0.019455252918287938, "3855.0", [46.6549681, 24.6080416], "Maross\u00e1rpatak"], "83151 BRADESTI": [0.0031479538300104933, "1906.0", [46.34116119999999, 25.3407935], "Feny\u00e9d"], "114809 MUNICIPIUL REGHIN": [0.0087898722980817075, "36178.0", [46.77583300000001, 24.708333], "Sz\u00e1szr\u00e9gen"], "83749 ORAS VLAHITA": [0.0096950962484192785, "7117.0", [46.35, 25.53], "Szentegyh\u00e1za"], "119803 SINCAI": [0.027079303675048357, "1551.0", [46.655366, 24.392263], "Mez\u00f5s\u00e1msod"], "85341 PRAID": [0.013325257419745608, "6604.0", [46.55, 25.133333], "Parajd"], "117783 IDECIU DE JOS": [0.01399548532731377, "2215.0", [46.8154513, 24.7568272], "Als\u00f3idecs"], "115771 BICHIS": [0.051819184123484012, "907.0", [46.3753746, 24.0911289], "Magyarb\u00fckk\u00f6s"], "64568 MOACSA": [0.0088000000000000005, "1250", [45.866667, 25.966667], "Maksa"], "86188 TUSNAD": [0.023088023088023088, "2079.0", [46.2068655, 25.9119481], "Tusn\u00e1d"], "115959 CEUASU DE CIMPIE": [0.016593460224499756, "6147.0", [46.64040749999999, 24.5145836], "Mez\u00f5cs\u00e1v\u00e1s"], "85289 PLAIESII DE JOS": [0.024674434544208361, "2918.0", [46.22490819999999, 26.1004859], "K\u00e1szonalt\u00edz"], "114854 ORAS SOVATA": [0.017436122381840113, "9119.0", [46.596111, 25.074444], "Szov\u00e1ta"], "116983 GHEORGHE DOJA": [0.013731548232063165, "2913.0", [46.4635769, 24.5078157], "Lukafalva"], "84415 FRUMOASA": [0.013015184381778741, "3688.0", [46.45484, 25.8515132], "Cs\u00edksz\u00e9pv\u00edz"], "64639 OZUN": [0.015594541910331383, "4617", [45.8, 25.85], "Uzon"], "84558 JOSENI": [0.020774647887323944, "5680.0", [46.7, 25.5], "Gyergy\u00f3alfalu"], "118824 POGACEAUA": [0.014669926650366748, "2045.0", [46.6769566, 24.3080262], "Mez\u00f5pagocsa"], "63394 MUNICIPIUL SFINTU GHEORGHE": [0.0081648843858982204, "60503", [45.863611, 25.7875], "Sepsiszentgy\u00f6rgy"], "114453 SINTANA DE MURES": [0.0096601073345259393, "5590.0", [46.57000000000001, 24.55], "Marosszentanna"], "84629 LUETA": [0.015484234234234234, "3552.0", [46.2747298, 25.4914355], "L\u00f6v\u00e9te"], "116439 CUCI": [0.025525525525525526, "1998.0", [46.4634727, 24.1553106], "Kutyfalva"], "116126 CHIHERU DE JOS": [0.022177419354838711, "1488.0", [46.6861581, 24.8741279], "Als\u00f3k\u00f6h\u00e9r"], "64719 POIAN": [0.020512820512820513, "1755", [46.0696927, 26.1598138], "K\u00e9zdiszentkereszt"], "83981 CIUCSINGEORGIU": [0.012833781825708964, "4831.0", [46.316667, 25.95], "Cs\u00edkszentgy\u00f6rgy"], "119858 TAURENI": [0.016181229773462782, "927.0", [46.5798792, 24.082425], "Mez\u00f5t\u00f3h\u00e1t"], "64041 BRADUT": [0.015270243118344384, "4977", [46.1289647, 25.6101146], "Bard\u00f3c"], "115389 BAND": [0.016390907685170868, "6467.0", [46.5762629, 24.3743048], "Mez\u00f5b\u00e1nd"], "85243 OCLAND": [0.034775888717156103, "1294.0", [46.1628838, 25.4251311], "Okl\u00e1nd"], "116723 FARAGAU": [0.018768328445747801, "1705.0", [46.76348609999999, 24.5148013], "Farag\u00f3"], "85056 MERESTI": [0.038374717832957109, "1329.0", [46.2343918, 25.4569963], "Homor\u00f3dalm\u00e1s"], "85467 SACEL": [0.029225908372827805, "1266.0", [46.3129807, 24.9298014], "Sz\u00e9kelyandr\u00e1sfalva"], "114417 SINGEORGIU DE MURES": [0.0077144620448467392, "9722.0", [46.5792435, 24.608682], "Marosszentgy\u00f6rgy"], "64096 BRETCU": [0.018599562363238512, "3656", [46.04342459999999, 26.3028187], "Bereck"], "64942 VILCELE": [0.0074642780976754107, "4689", [45.8537981, 25.6840786], "El\u00f5patak"], "63802 BATANI": [0.017001545595054096, "4529", [46.089444, 25.691389], "Nagybacon"], "85528 SARMAS": [0.014420686225758329, "4022.0", [46.8799773, 25.4549439], "Salam\u00e1s"], "117426 HODAC": [0.01221193618278511, "5077.0", [46.7769539, 24.9262556], "G\u00f6rg\u00e9nyhod\u00e1k"], "119242 ORAS SARMASU": [0.018687764288637294, "7331.0", [46.753611, 24.166667], "Nagys\u00e1rm\u00e1s"], "83936 BILBOR": [0.011181513231457324, "2683.0", [47.0656143, 25.4864041], "B\u00e9lbor"], "83320 MUNICIPIUL MIERCUREA CIUC": [0.0087938467568097201, "40824.0", [46.358, 25.804], "Cs\u00edkszereda"], "84380 DIRJIU": [0.042775665399239542, "1052.0", [46.2, 25.2], "Sz\u00e9kelyderzs"], "120138 VATAVA": [0.02587601078167116, "1855.0", [46.966667, 24.766667], "Fels\u00f5r\u00e9p\u00e1s"], "117177 GORNESTI": [0.016267429388630676, "5594.0", [46.6708485, 24.6507173], "Gernyeszeg"], "85626 SICULENI": [0.0059544658493870407, "2855.0", [46.4374818, 25.7531516], "Mad\u00e9falva"], "84264 DEALU": [0.015691158156911581, "4015.0", [46.3959239, 25.3039301], "Oroszhegy"], "118931 RASTOLITA": [0.013220018885741265, "2118.0", [46.9733161, 24.9917231], "Ratosnya"], "86366 ZETEA": [0.011961722488038277, "5852.0", [46.383333, 25.366667], "Zetelaka"], "65011 ZAGON": [0.015487964172420227, "5359", [45.766667, 26.116667], "Z\u00e1gon"], "85127 MUGENI": [0.013833466347432828, "3759.0", [46.25703499999999, 25.2210098], "B\u00f6g\u00f6z"], "64773 RECI": [0.01249442213297635, "2241", [45.8398226, 25.9229125], "R\u00e9ty"], "115520 BATOS": [0.013071895424836602, "4131.0", [46.8865613, 24.6517966], "B\u00e1tos"], "118511 NEAUA": [0.027355623100303952, "1316.0", [46.47843290000001, 24.8301881], "Havad"], "64390 HAGHIG": [0.014298480786416443, "2238", [45.8391349, 25.5892157], "H\u00eddv\u00e9g"], "64238 CHICHIS": [0.017104459376908979, "1637", [45.7707805, 25.7997157], "K\u00f6k\u00f6s"], "119331 ORAS SANGEORGIU DE PADURE": [0.013038754074610649, "5522.0", [46.43027800000001, 24.841667], "Erd\u00f5szentgy\u00f6rgy"], "118209 MICA": [0.014425116673737802, "4714.0", [46.36722049999999, 24.4101129], "Mikefalva"], "83963 CAPILNITA": [0.017760236803157376, "2027.0", [46.3594353, 25.511701], "K\u00e1poln\u00e1sfalu"], "64997 VIRGHIS": [0.01580135440180587, "1772", [45.9426347, 25.8918984], "Vargyas"], "117827 ORAS IERNUT": [0.015259945274679014, "9502.0", [46.453611, 24.233333], "Radn\u00f3t"], "119750 SAULIA": [0.022315202231520222, "2151.0", [46.633333, 24.216667], "Mez\u00f5s\u00e1lyi"], "117550 IBANESTI": [0.013413506012950971, "4324.0", [46.7704043, 24.9322946], "Lib\u00e1nfalva"], "114970 ACATARI": [0.017125382262996942, "4905.0", [46.479789, 24.6353545], "\u00c1kosfalva"], "117319 GURGHIU": [0.015545737195221732, "6111.0", [46.7687756, 24.8559776], "G\u00f6rg\u00e9nyszentimre"], "117925 LIVEZENI": [0.0065681444991789817, "3045.0", [46.55, 24.633333], "Jedd"], "64871 TURIA": [0.018576661433804292, "3822", [46.0512486, 26.0422425], "Torja"], "85920 SUSENI": [0.017463782496527087, "5039.0", [46.666667, 25.55], "Gyergy\u00f3\u00fajfalu"], "115147 ALUNIS": [0.020312500000000001, "3200.0", [46.8941662, 24.8205851], "Magyar\u00f3"], "119466 SINPAUL": [0.0091723083642716759, "4579.0", [46.45, 24.35], "Kerel\u00f5szentp\u00e1l"], "84656 LUNCA DE JOS": [0.0091794679655301612, "5338.0", [46.5711344, 25.9769607], "Gyimesk\u00f6z\u00e9plok"], "84460 GALAUTAS": [0.011303692539562924, "2654.0", [46.912712, 25.4042124], "Gal\u00f3c\u00e1s"], "85760 SINDOMINIC": [0.014294690543512409, "6366.0", [46.583333, 25.783333], "Cs\u00edkszentdomokos"], "119386 SANGER": [0.017362546506821001, "2419.0", [46.55, 24.13], "Mez\u00f5szengyel"], "117042 GHINDARI": [0.024135681669928244, "3066.0", [46.5054469, 24.9235061], "Makfalva"],