{"DEB": [47.4897469, 21.61219], "BUD": [47.4384587, 19.2522958]}