{"rome-fiumicino": [41.7998868, 12.2462384], "sofia": [42.6893691, 23.4144249], "birmingham": [33.5624269, -86.754126], "venice": [45.5047775, 12.3396246], "london-gatwick": [51.1536621, -0.1820629], "rotterdam": [51.95550859999999, 4.4398832], "reykjav\u00edk-keflav\u00edk": [63.98680669999999, -22.6279668], "istanbul-atat\u00fcrk": [40.9829888, 28.8104425], "leeds/bradford": [53.86794339999999, -1.6615306], "nuremberg": [49.4971202, 11.079808], "munich": [48.3536621, 11.7750279], "larnaca": [34.8723402, 33.6203516], "treviso": [45.6532764, 12.2020813], "porto": [41.2421186, -8.6785514], "toronto-pearson": [43.67771760000001, -79.6248197], "m\u00e1laga": [36.6744295, -4.4913013], "beauvais": [49.4544677, 2.1115111], "podgorica": [42.3603394, 19.2507601], "alicante": [38.285483, -0.560056], "sarajevo": [43.824731, 18.3313595], "manchester": [53.3588026, -2.2727303], "bucharest": [44.5707306, 26.0844123], "cluj-napoca": [46.7846851, 23.6889981], "belgrade": [44.820498, 20.291691], "tenerife-south": [28.0457718, -16.576216], "cairo": [30.1188025, 31.4103638], "prague": [50.10179100000001, 14.2631811], "baku": [40.4650264, 50.0522984], "antalya": [36.9043327, 30.8018768], "bari": [41.137508, 16.765202], "copenhagen": [55.6180236, 12.6507628], "lyon": [45.7234181, 5.0887768], "london-heathrow": [51.4700223, -0.4542955], "eastmidlands": [52.82937399999999, -1.332134], "d\u00fcsseldorf": [51.2876146, 6.7667912], "pisa": [43.6890842, 10.3978845], "tampere": [61.41485689999999, 23.6046296], "istanbul-sabihag\u00f6kcen": [40.905371, 29.3168603], "pristina": [42.5735366, 21.0346155], "glasgow": [55.8690744, -4.4350529], "dresden": [51.1321529, 13.7672072], "charter:ingolstadt-manching": [48.7155569, 11.533889], "lameziaterme": [38.9065845, 16.2434017], "stockholm-skavsta": [58.78902009999999, 16.9153649], "t\u00e2rgumure\u0219": [46.4673469, 24.412382], "malm\u00f6": [55.5355336, 13.3723829], "alghero": [40.6332779, 8.2896846], "beijing-capital": [40.0798573, 116.6031121], "telaviv-bengurion": [32.005532, 34.8854112], "rhodes": [36.402288, 28.09022], "dublin": [53.42644809999999, -6.249909799999999], "billund": [55.7408067, 9.1525999], "minsk": [53.8825, 28.0325], "bristol": [51.38363039999999, -2.7135463], "dortmund": [51.517319, 7.6120193], "thessaloniki": [40.5204227, 22.9716758], "z\u00fcrich": [47.4582165, 8.5554755], "milan-malpensa": [45.6300625, 8.7255307], "leipzig/halle": [51.4220814, 12.2203805], "amsterdam": [52.3105386, 4.7682744], "bergen": [60.29183, 5.2220173], "rome-ciampino": [41.7995234, 12.5907988], "dubai-almaktoum": [24.8977876, 55.1431018], "bologna": [44.5345216, 11.2878593], "riga": [56.9226554, 23.9733129], "athens": [37.9356467, 23.9484156], "heraklion": [35.3395798, 25.1747483], "kiev-boryspil": [50.33822199999999, 30.8939274], "madrid": [40.4839361, -3.5679515], "marrakesh": [31.6097976, -8.0347755], "naples": [26.14829, -81.7747536], "gothenburg": [57.668799, 12.292314], "liverpool": [53.3375129, -2.8544274], "geneva": [46.23700969999999, 6.1091564], "zakynthos": [37.7531714, 20.8851608], "hannover": [52.4618486, 9.6889919], "hamburg": [53.633622, 9.9974128], "catania": [37.4673046, 15.0657746], "palmademallorca": [39.5517407, 2.7361649], "kiev-zhulyany": [50.4119842, 30.4432539], "dubai-international": [25.2531745, 55.3656728], "berlin-tegel": [52.5588327, 13.2884374], "algiers": [36.6981425, 3.2067834], "bergamo": [45.66957070000001, 9.7036313], "london-southend": [51.5710338, 0.6976146999999999], "berlin-sch\u00f6nefeld": [52.38544109999999, 13.5216148], "lanzarote": [28.950438, -13.6057769], "charleroi": [50.4642198, 4.4649753], "vienna": [48.1158333, 16.5665751], "paris-orly": [48.7262433, 2.3652472], "cologne/bonn": [50.8707168, 7.140734399999999], "doha": [25.2605946, 51.6137665], "lisbon": [38.7755936, -9.135366699999999], "hahn": [49.9458052, 7.2641958], "paris-charlesdegaulle": [49.0096906, 2.5479245], "corfu": [39.6076445, 19.9144861], "stuttgart": [48.6876365, 9.205575999999999], "fuerteventura": [28.4526212, -13.8694245], "burgas": [42.5652706, 27.5160873], "malta": [35.8541135, 14.4832795], "basel/mulhouse": [47.5981804, 7.525495799999999], "stockholm-arlanda": [59.6497622, 17.9237807], "tirana": [41.41444509999999, 19.7192999], "nice": [43.6597689, 7.214821400000001], "moscow-sheremetyevo": [55.9736482, 37.4125029], "edinburgh": [55.950785, -3.3614532], "warsaw-chopin": [52.1672369, 20.9678911], "london-luton": [51.87626460000001, -0.3717471], "faro": [37.0175956, -7.96972], "london-stansted": [51.8860181, 0.2388661], "kutaisi": [42.18206929999999, 42.4656021], "skopje": [41.963161, 21.6223532], "oslo-gardermoen": [60.1975501, 11.1004153], "karlsruhe/baden-baden": [48.786504, 8.1011832], "erfurt/weimar": [50.9796148, 10.9569312], "brussels": [50.900999, 4.4855744], "eilat-ovda": [29.951085, 34.936194], "eindhoven": [51.4583691, 5.3920556], "helsinki": [60.32104159999999, 24.9528604], "barcelona": [41.297445, 2.0832941], "ibiza": [38.8748594, 1.3712232], "moscow-vnukovo": [55.59964799999999, 37.27123419999999], "grancanaria": [27.9331848, -15.3877066], "bordeaux": [44.8305935, -0.7103052], "frankfurt": [50.0379326, 8.562151799999999]}