{"rome-fiumicino": [41.7998868, 12.2462384], "perugia": [43.0968391, 12.5115538], "sofia": [42.6893691, 23.4144249], "birmingham": [33.5624269, -86.754126], "dortmund": [51.517319, 7.6120193], "suceava": [47.6867968, 26.3526861], "antalya": [36.9043327, 30.8018768], "london-gatwick": [51.1536621, -0.1820629], "turin": [45.1965359, 7.647867000000001], "oradea": [47.0258002, 21.8973261], "zagreb": [45.7407504, 16.0674365], "istanbul-atat\u00fcrk": [40.9829888, 28.8104425], "munich": [48.3536621, 11.7750279], "bratislava": [48.1702634, 17.2105238], "larnaca": [34.8723402, 33.6203516], "castellon": [40.206784, 0.069178], "treviso": [45.6532764, 12.2020813], "skiathos": [39.17871460000001, 23.5023599], "palermo": [38.1824001, 13.1005819], "budapest": [47.4384587, 19.2522958], "m\u00e1laga": [36.6744295, -4.4913013], "beauvais": [49.4544677, 2.1115111], "glasgow": [55.8690744, -4.4350529], "preveza": [38.9259515, 20.7681962], "alicante": [38.285483, -0.560056], "doncaster/sheffield": [53.4807451, -1.0109145], "bucharest": [44.5707306, 26.0844123], "cluj-napoca": [46.7846851, 23.6889981], "belgrade": [44.820498, 20.291691], "tenerife-south": [28.0457718, -16.576216], "madrid": [40.4839361, -3.5679515], "prague": [50.10179100000001, 14.2631811], "pescara": [42.4318438, 14.1829232], "lisbon": [38.7755936, -9.135366699999999], "bari": [41.137508, 16.765202], "copenhagen": [55.6180236, 12.6507628], "sharmel-sheikh": [27.9768276, 34.3935273], "hurghada": [27.180494, 33.807566], "lyon": [45.7234181, 5.0887768], "london-heathrow": [51.4700223, -0.4542955], "d\u00fcsseldorf": [51.2876146, 6.7667912], "pisa": [43.6890842, 10.3978845], "tunis": [35.758056, 10.7547219], "amman-queenalia": [31.7202574, 35.994232], "zaragoza": [41.663511, -1.0079225], "lameziaterme": [38.9065845, 16.2434017], "girona": [41.8975373, 2.7662477], "stockholm-skavsta": [58.78902009999999, 16.9153649], "malm\u00f6": [55.5355336, 13.3723829], "alghero": [40.6332779, 8.2896846], "weeze": [51.5995781, 6.1503945], "telaviv-bengurion": [32.005532, 34.8854112], "rhodes": [36.402288, 28.09022], "dublin": [53.42644809999999, -6.249909799999999], "bilbao": [43.302494, -2.911116], "billund": [55.7408067, 9.1525999], "bristol": [51.38363039999999, -2.7135463], "mykonos": [37.4353506, 25.3476325], "thessaloniki": [40.5204227, 22.9716758], "baiamare": [47.661179, 23.466813], "z\u00fcrich": [47.4582165, 8.5554755], "milan-malpensa": [45.6300625, 8.7255307], "satumare": [47.7061308, 22.8824023], "amsterdam": [52.3105386, 4.7682744], "florence": [43.8086534, 11.2012247], "rome-ciampino": [41.7995234, 12.5907988], "dubai-almaktoum": [24.8977876, 55.1431018], "bologna": [44.5345216, 11.2878593], "athens": [37.9356467, 23.9484156], "heraklion": [35.3395798, 25.1747483], "kiev-boryspil": [50.33822199999999, 30.8939274], "valencia": [39.4892327, -0.4780256], "kos": [36.8003475, 27.087821], "naples": [26.14829, -81.7747536], "vienna": [48.1158333, 16.5665751], "liverpool": [53.3375129, -2.8544274], "geneva": [46.23700969999999, 6.1091564], "zakynthos": [37.7531714, 20.8851608], "hannover": [52.4618486, 9.6889919], "memmingen": [47.98792, 10.2325154], "hamburg": [53.633622, 9.9974128], "catania": [37.4673046, 15.0657746], "palmademallorca": [39.5517407, 2.7361649], "dubai-international": [25.2531745, 55.3656728], "berlin-tegel": [52.5588327, 13.2884374], "nuremberg": [49.4971202, 11.079808], "bodrum": [37.248656, 27.6639925], "bergamo": [45.66957070000001, 9.7036313], "milan-linate": [45.452176, 9.276308], "berlin-sch\u00f6nefeld": [52.38544109999999, 13.5216148], "chania": [35.5398503, 24.1403444], "charleroi": [50.4642198, 4.4649753], "cologne/bonn": [50.8707168, 7.140734399999999], "doha": [25.2605946, 51.6137665], "istanbul-sabihag\u00f6k\u00e7en": [40.905371, 29.3168603], "hahn": [49.9458052, 7.2641958], "sandefjord": [59.1824458, 10.2569121], "paris-charlesdegaulle": [49.0096906, 2.5479245], "corfu": [39.6076445, 19.9144861], "stuttgart": [48.6876365, 9.205575999999999], "ia\u0219i": [47.17714489999999, 27.6173116], "malta": [35.8541135, 14.4832795], "basel/mulhouse": [47.5981804, 7.525495799999999], "stockholm-arlanda": [59.6497622, 17.9237807], "chi\u0219in\u0103u": [46.9326367, 28.9316481], "beirut": [33.8193756, 35.4912043], "nice": [43.6597689, 7.214821400000001], "moscow-sheremetyevo": [55.9736482, 37.4125029], "warsaw-chopin": [52.1672369, 20.9678911], "verona": [45.4000011, 10.8901406], "london-luton": [51.87626460000001, -0.3717471], "london-stansted": [51.8860181, 0.2388661], "oslo-gardermoen": [60.1975501, 11.1004153], "santorini": [36.4003185, 25.4776476], "karlsruhe/baden-baden": [48.786504, 8.1011832], "brussels": [50.900999, 4.4855744], "eindhoven": [51.4583691, 5.3920556], "helsinki": [60.32104159999999, 24.9528604], "barcelona": [41.297445, 2.0832941], "timi\u0219oara": [45.8102336, 21.320193], "bordeaux": [44.8305935, -0.7103052], "frankfurt": [50.0379326, 8.562151799999999]}