{"Canada": [61, -29], "Maldives": [1.977247, 73.5361034], "Turkmenistan": [38.969719, 59.556278], "Lithuania": [55.169438, 23.881275], "Cambodia": [12.565679, 104.990963], "Ethiopia": [9.145000000000001, 40.489673], "Argentina": [-38.416097, -63.61667199999999], "Burkina Faso": [12.238333, -1.561593], "Bahrain": [26.0667, 50.5577], "Saudi Arabia": [23.885942, 45.079162], "Guatemala": [15.783471, -90.23075899999999], "Bosnia and Herzegovina": [43.915886, 17.679076], "Kuwait": [29.31166, 47.481766], "Germany": [51.165691, 10.451526], "Taiwan": [23.69781, 120.960515], "Spain": [40.46366700000001, -3.74922], "Netherlands": [52.132633, 5.291265999999999], "Oman": [21.4735329, 55.975413], "Tanzania": [-6.369028, 34.888822], "Albania": [41.153332, 20.168331], "Gabon": [-0.803689, 11.609444], "Monaco": [43.73841760000001, 7.424615799999999], "New Zealand": [-40.900557, 174.885971], "Yemen": [15.552727, 48.516388], "Jersey": [49.214439, -2.13125], "Pakistan": [30.375321, 69.34511599999999], "Greenland": [71.706936, -42.604303], "United Arab Emirates": [23.424076, 53.847818], "India": [20.593684, 78.96288], "Azerbaijan": [40.143105, 47.576927], "Madagascar": [-18.766947, 46.869107], "Kenya": [-0.023559, 37.906193], "South Korea": [35.907757, 127.766922], "Belarus": [53.709807, 27.953389], "Tajikistan": [38.861034, 71.276093], "Turkey": [38.963745, 35.243322], "Afghanistan": [33.93911, 67.709953], "Czech Republic": [49.81749199999999, 15.472962], "French Polynesia": [-17.679742, -149.406843], "France": [46.227638, 2.213749], "Rwanda": [-1.940278, 29.873888], "Slovakia": [48.669026, 19.699024], "Somalia": [5.152149, 46.199616], "Peru": [-9.189967, -75.015152], "Laos": [19.85627, 102.495496], "Seychelles": [-4.679574, 55.491977], "Norway": [60.47202399999999, 8.468945999999999], "Malawi": [-13.254308, 34.301525], "Singapore": [1.352083, 103.819836], "China": [35.86166, 104.195397], "Armenia": [40.069099, 45.038189], "Ukraine": [48.379433, 31.16558], "Ghana": [7.946527, -1.023194], "None": [0, 0], "Finland": [61.92410999999999, 25.748151], "Libya": [26.3351, 17.228331], "Indonesia": [-0.789275, 113.921327], "Mauritius": [-20.348404, 57.55215200000001], "Sweden": [60.12816100000001, 18.643501], "Vietnam": [14.058324, 108.277199], "Mali": [17.570692, -3.996166], "Russia": [61.52401, 105.318756], "Bulgaria": [42.733883, 25.48583], "United States": [57, -29], "Romania": [46.052612, 24.954499], "Angola": [-11.202692, 17.873887], "Chad": [15.454166, 18.732207], "South Africa": [-30.559482, 22.937506], "null": [0, 0], "Malaysia": [4.210484, 101.975766], "Austria": [47.516231, 14.550072], "Uganda": [1.373333, 32.290275], "Japan": [36.204824, 138.252924], "Brazil": [-14.235004, -51.92528], "Guinea": [9.945587, -9.696645], "Panama": [8.537981, -80.782127], "Costa Rica": [9.748916999999999, -83.753428], "Luxembourg": [49.815273, 6.129582999999999], "Ireland": [53.41291, -8.24389], "Nigeria": [9.081999, 8.675277], "Bangladesh": [23.684994, 90.356331], "Brunei": [4.535277, 114.727669], "Australia": [-25.274398, 133.775136], "Iran": [32.427908, 53.688046], "Algeria": [28.033886, 1.659626], "Czechia": [49.81749199999999, 15.472962], "Chile": [-35.675147, -71.542969], "Belgium": [50.503887, 4.469936], "Thailand": [15.870032, 100.992541], "Haiti": [18.971187, -72.285215], "Iraq": [33.223191, 43.679291], "Hong Kong": [22.396428, 114.109497], "Georgia": [32.1656221, -82.9000751], "Denmark": [56.26392, 9.501785], "Philippines": [12.879721, 121.774017], "Moldova": [47.411631, 28.369885], "Morocco": [31.791702, -7.092619999999999], "Croatia": [45.1, 15.2], "Switzerland": [46.818188, 8.227511999999999], "Isle of Man": [54.236107, -4.548056], "Portugal": [39.39987199999999, -8.224454], "Lebanon": [33.854721, 35.862285], "Uzbekistan": [41.377491, 64.585262], "Egypt": [26.820553, 30.802498], "Djibouti": [11.825138, 42.590275], "Colombia": [4.570868, -74.297333], "Macedonia (FYROM)": [41.608635, 21.745275], "Cyprus": [35.126413, 33.429859], "Qatar": [25.354826, 51.183884], "Italy": [41.87194, 12.56738], "Sudan": [12.862807, 30.217636], "Nepal": [28.394857, 84.12400799999999], "Malta": [35.937496, 14.375416], "Other": [58, 44], "Cayman Islands": [19.3133, -81.2546], "null": [0, 0], "Israel": [31.046051, 34.851612], "Myanmar (Burma)": [21.916221, 95.955974], "Iceland": [64.963051, -19.020835], "Zambia": [-13.133897, 27.849332], "Senegal": [14.497401, -14.452362], "Jordan": [30.585164, 36.238414], "Kazakhstan": [48.019573, 66.923684], "Poland": [51.919438, 19.145136], "Eritrea": [15.179384, 39.782334], "Kyrgyzstan": [41.20438, 74.766098], "Latvia": [56.879635, 24.603189], "South Sudan": [6.876991899999999, 31.3069788], "Hungary": [47.162494, 19.503304], "Syria": [34.80207499999999, 38.996815], "Mexico": [23.634501, -102.552784], "Tunisia": [33.886917, 9.537499], "Serbia": [44.016521, 21.005859], "United Kingdom": [55.378051, -3.435973], "Greece": [39.074208, 21.824312], "Sri Lanka": [7.873053999999999, 80.77179699999999], "French Guiana": [3.933889, -53.125782]}