{"QPJ": [45.9936821, 18.2342148], "DEB": [47.4897469, 21.61219], "SOB": [46.6861109, 17.1588889], "QGY": [47.623347, 17.80446], "BUD": [47.4384587, 19.2522958]}