{"BCM": [46.5238573, 26.9103692], "TCE": [45.06253220000001, 28.7159501], "CLJ": [46.7846851, 23.6889981], "ARW": [46.1724475, 21.2757131], "SBZ": [45.7872169, 24.0929563], "SUJ": [47.7061308, 22.8824023], "BAY": [47.661179, 23.466813], "OMR": [47.0258002, 21.8973261], "CND": [44.361944, 28.488333], "CRA": [44.3127651, 23.8785911], "OTP": [44.5707306, 26.0844123], "BBU": [44.502292, 26.101538], "SCV": [47.6867968, 26.3526861], "TSR": [45.8102336, 21.320193], "IAS": [47.17714489999999, 27.6173116], "TGM": [46.4673571, 24.4237984]}