{"Canada": [56.130366, -106.346771], "Lithuania": [55.169438, 23.881275], "Cambodia": [12.565679, 104.990963], "Argentina": [-38.416097, -63.61667199999999], "Burkina Faso": [12.238333, -1.561593], "Saudi Arabia": [23.885942, 45.079162], "Guatemala": [15.783471, -90.23075899999999], "Spain": [40.46366700000001, -3.74922], "Netherlands": [52.132633, 5.291265999999999], "Tanzania": [-6.369028, 34.888822], "Albania": [41.153332, 20.168331], "Gabon": [-0.803689, 11.609444], "Monaco": [43.73841760000001, 7.424615799999999], "New Zealand": [-40.900557, 174.885971], "Jersey": [49.214439, -2.13125], "Pakistan": [30.375321, 69.34511599999999], "Greenland": [71.706936, -42.604303], "null": [0, 0], "United Arab Emirates": [23.424076, 53.847818], "India": [20.593684, 78.96288], "Madagascar": [-18.766947, 46.869107], "Turkey": [38.963745, 35.243322], "Afghanistan": [33.93911, 67.709953], "Czech Republic": [49.81749199999999, 15.472962], "French Polynesia": [-17.679742, -149.406843], "France": [46.227638, 2.213749], "Slovakia": [48.669026, 19.699024], "Peru": [-9.189967, -75.015152], "Laos": [19.85627, 102.495496], "Norway": [60.47202399999999, 8.468945999999999], "China": [35.86166, 104.195397], "Ukraine": [48.379433, 31.16558], "None": [0, 0], "Finland": [61.92410999999999, 25.748151], "Libya": [26.3351, 17.228331], "Indonesia": [-0.789275, 113.921327], "United States": [37.09024, -95.712891], "Sweden": [60.12816100000001, 18.643501], "Vietnam": [14.058324, 108.277199], "Mali": [17.570692, -3.996166], "Russia": [61.52401, 105.318756], "Bulgaria": [42.733883, 25.48583], "Romania": [45.943161, 24.96676], "Portugal": [39.39987199999999, -8.224454], "South Africa": [-30.559482, 22.937506], "Malaysia": [4.210484, 101.975766], "Austria": [47.516231, 14.550072], "Hungary": [47.162494, 19.503304], "Brazil": [-14.235004, -51.92528], "Panama": [8.537981, -80.782127], "Costa Rica": [9.748916999999999, -83.753428], "Luxembourg": [49.815273, 6.129582999999999], "Ireland": [53.41291, -8.24389], "Nigeria": [9.081999, 8.675277], "Bangladesh": [23.684994, 90.356331], "Australia": [-25.274398, 133.775136], "Algeria": [28.033886, 1.659626], "Chile": [-35.675147, -71.542969], "Belgium": [50.503887, 4.469936], "Thailand": [15.870032, 100.992541], "Haiti": [18.971187, -72.285215], "Iraq": [33.223191, 43.679291], "Hong Kong": [22.396428, 114.109497], "Georgia": [32.1656221, -82.9000751], "Denmark": [56.26392, 9.501785], "Philippines": [12.879721, 121.774017], "Moldova": [47.411631, 28.369885], "Morocco": [31.791702, -7.092619999999999], "Croatia": [45.1, 15.2], "Switzerland": [46.818188, 8.227511999999999], "Isle of Man": [54.236107, -4.548056], "Chad": [15.454166, 18.732207], "Lebanon": [33.854721, 35.862285], "Colombia": [4.570868, -74.297333], "Taiwan": [23.69781, 120.960515], "Cyprus": [35.126413, 33.429859], "Qatar": [25.354826, 51.183884], "Italy": [41.87194, 12.56738], "Malta": [35.937496, 14.375416], "Maldives": [1.977247, 73.5361034], "Cayman Islands": [19.3133, -81.2546], "Israel": [31.046051, 34.851612], "Germany": [51.165691, 10.451526], "Poland": [51.919438, 19.145136], "Japan": [36.204824, 138.252924], "Mexico": [23.634501, -102.552784], "Egypt": [26.820553, 30.802498], "Serbia": [44.016521, 21.005859], "United Kingdom": [55.378051, -3.435973], "Greece": [39.074208, 21.824312], "Sri Lanka": [7.873053999999999, 80.77179699999999], "French Guiana": [3.933889, -53.125782]}