{"Zs\u00f6g\u00f6df\u00fcrd\u0151": [46.3393735, 25.8088648], "R\u00e9ty": [50.792905, 1.777379], "Brass\u00f3": [45.6579755, 25.6011977], "Uzon": [46.3874383, 25.6319726], "Lemh\u00e9ny": [46.05, 26.266667], "Sepsimagyar\u00f3s": [45.786454, 25.9232986], "Bikfalva": [45.7632615, 25.8726536], "Zernyest": [45.5606505, 25.322019], "Homor\u00f3dszentm\u00e1rton": [46.23333299999999, 25.383333], "M\u00e1ln\u00e1s": [46.0077474, 25.8411026], "Bodok": [45.9533973, 25.8579893], "Oltszem": [45.970976, 25.8458019], "Mik\u00f3\u00fajfalu": [46.06186, 25.8622702], "Bodzafordul\u00f3": [45.672778, 26.034167], "Cs\u00edkszereda": [46.358, 25.804], "Bereck": [46.04342459999999, 26.3028187], "Kommand\u00f3": [45.7566467, 26.2730085], "Sepsiszentgy\u00f6rgy": [45.863611, 25.7875], "Szent Anna-t\u00f3": [46.1265204, 25.8876047], "Marosv\u00e1s\u00e1rhely": [46.545556, 24.5625], "Kecset": [46.3863664, 25.1951403], "K\u00e1poln\u00e1sfalu": [46.3594353, 25.511701], "Gyergy\u00f3szentmikl\u00f3s": [46.7212112, 25.5855274], "Teker\u0151patak": [46.696028, 25.5981231], "Zetelaka": [46.383333, 25.366667], "B\u00e1lv\u00e1nyos": [46.117432, 25.9446516], "Tusn\u00e1df\u00fcrd\u00f5": [46.14694100000001, 25.860563], "Bar\u00f3t": [46.075, 25.6], "Sz\u00e1razajta": [46.0387871, 25.6886498], "Gyimesfels\u0151lok": [46.5274474, 25.9579248], "Cs\u00edkd\u00e1nfalva": [46.51666700000001, 25.75], "Gyergy\u00f3holl\u00f3": [46.98333299999999, 25.7], "Ab\u00e1sfalva": [46.2522877, 25.4327314], "Homor\u00f3dszentp\u00e9ter": [46.1766983, 25.3749546], "Gyergy\u00f3\u00fajfalu": [46.666667, 25.55], "Dics\u0151szentm\u00e1rton": [46.3293137, 24.2935777], "\u00c1rkos": [45.9006159, 25.7766981], "Sz\u00e9kelyudvarhely": [46.3049996, 25.2926479], "Homor\u00f3dkem\u00e9nyfalva": [46.2649155, 25.4387078], "Homor\u00f3dalm\u00e1s": [46.2343918, 25.4569963], "Corbeni": [45.3057348, 24.6536977], "Nagybacon": [46.089444, 25.691389], "Bekecs": [46.4928507, 25.6456696], "B\u00e9lbor": [47.0656143, 25.4864041], "Heveder": [46.660231, 25.638903], "Cs\u00edkszentkir\u00e1ly": [46.313333, 25.839444], "Cs\u00edkszentsimon": [46.23234799999999, 25.8331627], "Pongr\u00e1c tet\u0151": [46.883185, 25.582861], "Szentegyh\u00e1za": [46.35, 25.53], "L\u00f6v\u00e9te": [46.2747298, 25.4914355], "Homor\u00f3df\u00fcrd\u0151": [46.3498112, 25.46611], "Bakta": [46.688055, 25.386295], "Szolokma": [46.4778836, 24.9952902], "Vasl\u00e1b": [46.6445, 25.6229], "Marosf\u0151": [46.6274576, 25.712059], "Iv\u00f3": [46.46238260000001, 25.4560434], "Jobb\u00e1gyfalva": [46.56306259999999, 24.7962219], "Remete": [46.798731, 25.421957], "Sz\u00e9kelykereszt\u00far": [46.291667, 25.035278], "Csobot\u00e1ny": [46.95401, 25.270466], "L\u00f3c": [46.400186, 24.8963277], "Pottyond": [46.3632401, 25.9512087], "Kotorm\u00e1ny": [46.3044273, 25.9082207], "Cs\u00edkr\u00e1kos": [46.4515746, 25.7586193], "Cs\u00edkszentmih\u00e1ly": [46.473248, 25.8285411], "Orotva": [46.8593609, 25.5090074], "Fit\u00f3d": [46.3579212, 25.8461702], "B\u00e1tony": [47.0747886, 24.0608], "Gyilk\u00f3s-t\u00f3": [46.7899532, 25.7865587], "Szeben": [45.7983273, 24.1255826], "Csern\u00e1ton": [45.95, 26.033333], "K\u00e9zdiv\u00e1s\u00e1rhely": [45.996944, 26.140556], "Kozmatelke": [46.8101006, 24.5132102], "Et\u00e9d": [46.4534697, 25.0478746], "K\u00fcsm\u00f6d": [46.4770023, 25.0457564], "K\u00e1szon": [46.20581440000001, 26.7458419], "Gyergy\u00f3ditr\u00f3": [46.8107477, 25.5014359], "Korond": [46.466667, 25.183333], "Lib\u00e1n": [46.545246, 25.5097655], "Ratosnya": [46.9733161, 24.9917231], "Zetev\u00e1ralja": [46.4415977, 25.3977776], "Mikl\u00f3sfalva": [46.241431, 25.2574839], "B\u00f6g\u00f6z": [46.25703499999999, 25.2210098], "G\u00f6demesterh\u00e1za": [46.9603377, 25.224312], "Gyergy\u00f3remete": [46.783333, 25.45], "Gyulakuta": [46.421745, 24.7657281], "Homor\u00f3dszentl\u00e1szl\u00f3": [46.2280542, 25.2709504], "Comarnic": [45.2488709, 25.6408029], "Ikafalva": [46.0017951, 26.0202424], "Csobotfalva": [46.3828459, 25.8306283], "Cs\u00edkszentdomokos": [46.583333, 25.783333], "Fogaras": [45.84164029999999, 24.9730954], "Kereszt\u00e9ny-havas": [45.5676744, 25.5652242], "Post\u0103varul": [45.5676744, 25.5652242], "Valea Doftanei": [45.3, 25.7166669], "Fundata": [45.4371446, 25.2919972], "Kov\u00e1szna": [45.849167, 26.185278], "Szov\u00e1ta": [46.596111, 25.074444], "Aninoasa": [45.194278, 24.928139], "Brass\u00f3poj\u00e1na": [45.5955044, 25.5513291], "B\u00fcd\u00f6sf\u00fcrd\u0151": [46.2718161, 25.7597734], "Berisl\u0103ve\u0219ti": [45.2507819, 24.4226996], "Predeal": [45.49639519999999, 25.5815062], "Bard\u00f3c": [46.1289647, 25.6101146], "Szenterzs\u00e9bet": [45.8077163, 24.1846028], "Cs\u00edkdelne": [46.412106, 25.8263898], "Cs\u00edkszentgy\u00f6rgy": [46.316667, 25.95], "Homor\u00f3dremete": [46.29264999999999, 25.4025996], "B\u00e1nkfalva": [46.297438, 25.945082], "Koronka": [46.5204651, 24.6307447], "Magyarherm\u00e1ny": [46.1354128, 25.7081089], "Borzont": [46.6917445, 25.4429835], "Bucegi": [45.398243, 25.4937974], "Cs\u00edkkarcfalva": [46.5305691, 25.7615353], "G\u00f6rg\u00e9nyhod\u00e1k": [46.7769539, 24.9262556], "Bala": [46.7121253, 24.4979748], "Sz\u00e1szsebes": [45.9595588, 23.5663758], "Sz\u00e9kelyderzs": [46.2, 25.2], "L\u00f3v\u00e9sz": [46.5258156, 25.8611475], "Ajn\u00e1d": [46.4964802, 25.8388143], "Cs\u00edkszentl\u00e9lek": [46.33604039999999, 25.8544602]}